0xF2D36FE2324E91AcF2550231660e0bcd84BBd2C2,200
0x90c181C06223448AA1c5d4074Ab522B2e9b81a7E,200
0x538904171591CdEd24EE6ff37396128cDd605152,200
0xB523B1Fa82b050cF5D00E1c8A4a5117Ca7e1eb0f,200
0xd29DC92D3441849C971Ee2F4A6cCB82968F2a909,200
0x3662Df9F8d2b76bc903d2F2A7b95E5631D85C88a,200
0x9a7AE337D6E593406cB21Dc606D7b145Ded42fB6,200
0x8d6728BD51ff9199f19d25BcB17069f80CCa995A,200
0xBA13cA9313393819C386d2C953C237f9f905BE33,200
0x6cc2Dd46a54fFe825f7586e59d1Ee98402048330,200
0x63b9aCA54a322d73bfe1820fA052eD39e686DcC5,200
0x02404AA005B7E0E94d20f68b731418d40658CF6F,200
0x42A782DcE4620929f04D5be281A8560B873A42f8,200
0x01880349dd45aac252d15105FE71147348020554,200
0xe670F147df4dE35922931633c380913A95b1286B,200
0xe5AcEdD943C2a508430890f3e214BF8eaA33C86e,200
0xf9c61fF15bC0Ca7Ecb743f197156b09A8E9f028e,200
0xf313428E7a1E237ea5CAe87f08c72140A362F692,200
0x3EE9F007395d4B3851Ad82f2807862C6592ff8bB,200
0xD8239072F9b75dEEDf3876b6569E2AdDdab70194,200
0xa5be9ff20c73609BFd28a0152Baa615F9C68b09b,200
0xb79c009890b585CF9cF2a868777ffA1192378983,200
0x379577FB38BBEa6cCe646c2d6565Ec269A7cc648,200
0x3Ca1a0e40b030f03A41783d5d928DFeDf2ABe5D4,200
0x88cA0E1c12c6E87f5B7b6475786E1982Ac95092b,200
0xAE1B1062D1b52510C9E3AE3cA845122A0E7D46a4,200
0x2cB0858b85Af07AfbB2EcFcaeF747783A120Fa22,200
0xe0D4f56BB1690fe195710059877ac13Cfe85668b,200
0xf714d17f4893dBf1C18CE2B6ECfB00C914E64A3d,200
0x1766474b4602De462843ec9Cd18dC11DC6E1461b,200
0xE9C0B7D65f9C6aC38967c9c11D8A6b373f0c0151,200
0x8ae3A24ACA97dc626F3f0cBeaa5f6803224D84cE,200
0x995448a4416C1189026dCB398F847151b8F1a208,200
0xF9Dc8875cd4bBD3e5105D3F1f07cEA779674BEBb,200
0x792852F2853a07321Ef6e3E37744254Fe35dEab2,200
0xe8E0407378c0012BA9924ea8A79499812eE7B848,200
0x0EF201E46f6002B352DB2C6acD74fEE687672645,200
0x67eab88B04cF3aAc352e199071828E7EF2E8D3E1,200
0x0794A93B8D994F357f022dF8f3Cf728a996368bd,200
0xB90744E0c2971Ed2e192F3Bb0004C7fe6102DF1B,200
0xC77dBf6eBAADaeF994406dB1dA9497eBeF505dB3,200
0xce8a018f857949A7376C85f939612F98A381702c,200
0x0955f836eC6FF90944348d875f2AaE03e1E965C3,200
0x38F83a5a9EbC013256B3672759f647BA4998Bfb6,200
0xAD3b696cF4EC30bB57FbA90E887F7CB15d033d8F,200
0xED2bE4FdD161Cc2a1f1856Ac97bBb8aE07657a6D,200
0x740295749e7CE61728830E8C9105889AF814aD55,200
0xDB94da1A5E00e190E53F1Da530f769d8E5843E07,200
0x5aBF5a9010dD1532655C7B14d2ecF0D726c241B8,200
0xec2d87f7358A1315b0554e809B3Aa65B605f3C61,200
