0xd1Bc8D093c1202b728d5eeA6557848BD4b9f7D55,14285.71,round 3 (5% TGE)
0xd2A6C2aF8c196B4d404166D4B5Cce5614d4C9792,7142.86,round 3 (5% TGE)
0xD2CD5F86Eb5de34C34a9C2d9a7ec58Fd8010732c,14285.71,round 3 (5% TGE)
0xd3079921DB686bA9c0922e6eb2d1F574b4660Fcf,4285.71,round 3 (5% TGE)
0xD33b69BFE8fcEc7c841b073c687fc66eFE3d768a,7142.86,round 3 (5% TGE)
0xD49829E5AfE3fe7Aff74F769d6f84e493A782E06,714.29,round 3 (5% TGE)
0xd4d886836af65296135964AA2A72BcCC94DF50c8,2857.14,round 3 (5% TGE)
0xD6972C604c00b3A4586B9B69f9B8dd14255f7B49,4285.71,round 3 (5% TGE)
0xd79cc437720E8a40A76D6d08B813887D758CAc67,1428.57,round 3 (5% TGE)
0xd9064c04e6cA535C07DAe7388Dd34CF44B89bd1C,4285.71,round 3 (5% TGE)
0xd9247ef6F75d3CAF9D534a1858Dc6c8308fd088B,2857.14,round 3 (5% TGE)
0xD9F95179e40fd0f4201ebDaaEa7F7c3881dDeade,1428.57,round 3 (5% TGE)
0xdA8813F2834f85233d01A3147fb7Db25F4010B1D,2857.14,round 3 (5% TGE)
0xdb1d64397a5F24A5b219172Ffcb17c17fDF4cc68,714.29,round 3 (5% TGE)
0xDC5C8eEf4e36ad3D1f74E9D2D040ae191BD15cA1,7142.86,round 3 (5% TGE)
0xDCAF4bD340Bd94E67B2Ef7Bb1D980324Aa1641d9,7857.14,round 3 (5% TGE)
0xdCe4F40a01a83dFd40489c19198702F29Fd3E836,67857.14,round 3 (5% TGE)
0xdD93e190108146555D739dbE27c7f160bb7cedb2,7142.86,round 3 (5% TGE)
0xdDF454Dd1C07c1B0a4845563584a96d23c942E08,6071.43,round 3 (5% TGE)
0xDeFC24EBcbF9213bE9AA91c98E554e90a97493bE,57142.86,round 3 (5% TGE)
0xdf86428413C2a9526E0dcBb34d616fe3326c0dEF,4285.71,round 3 (5% TGE)
0xe0968aa0C31C68E11a47ca7291199B5cb99aCcD9,3571.43,round 3 (5% TGE)
0xe0ACa719678827CB516B9c028D50B40585847769,714.29,round 3 (5% TGE)
0xE0Ec765BC8df798EE61C5F70968ea338a47Fd274,7142.86,round 3 (5% TGE)
0xe0f07B3abF492CfE66828D63b4F120aaA3F79909,57142.86,round 3 (5% TGE)
0xe188004A23dEC937DB6425B7F5655347235bbf98,3567.86,round 3 (5% TGE)
0xe18924Cb1C7ea191883F6A9A455bE0c9d5EE01E2,1441.00,round 3 (5% TGE)
0xE26a2AC501a9A70a4A2c116a1887619a1e5EaD99,1428.57,round 3 (5% TGE)
0xe443523894494E069343363103776084D9977adA,3571.43,round 3 (5% TGE)
0xE56b2C9BA10456804B0c749486624373014c1C46,14285.71,round 3 (5% TGE)
0xe5C73CD01D2a9f285227e78E0986F2f30e80a01E,3571.43,round 3 (5% TGE)
0xe69467e9a8fF7731716c057F3B6B82bb4e79E242,2857.14,round 3 (5% TGE)
0xE6ae1Ec47cDc049B03517Ec37290d3D72b9fa4f3,714.29,round 3 (5% TGE)
0xe8Beb3606Db5D3A591bD8fFae0d64665d9F7B641,10714.29,round 3 (5% TGE)
0xe97296f7029751aAbE0c52b1C7Fb260390F7FCFF,1428.57,round 3 (5% TGE)
0xea47f06f9f14469D8BD3CddDD1434230FD6bc559,3571.43,round 3 (5% TGE)
0xeac9e6F9b0335b6D746b4d6e52f4005c2d012396,714.29,round 3 (5% TGE)
0xeB43CEB3Cb6C480bFc8dC95E421beEB927DdCA3C,2285.71,round 3 (5% TGE)
0xebd7C4260cbD2BEE7868d3ea6dC89E6b2F76f190,1428.57,round 3 (5% TGE)
0xEbde6bd466C04E78ACBD074B6333A29a64aE6015,4285.71,round 3 (5% TGE)
0xEcd1BEdf4dDe6725E9C6E670fEA70696A1483995,714.29,round 3 (5% TGE)
0xEE434EF58cddbD1b8BB14C9E1351eb900dEF0918,2857.14,round 3 (5% TGE)
0xee51983Ed9526D555DfdF67ee9347e7a029Cd6d8,2857.14,round 3 (5% TGE)
0xEEb9b477CC347d4a6581d7249F0a7D8171304a75,714.29,round 3 (5% TGE)
0xeEc264EC933BB497C9C51b10201F2B966821E9d1,2857.14,round 3 (5% TGE)
0xEf5fd9c191983836F8A11d43734f424E438FFd50,7142.86,round 3 (5% TGE)
0xF17B69542D454f7aA49b25CD5619e411969290af,5000.00,round 3 (5% TGE)
0xf1cbce77f277D27C6166Ae07bE60070Ef80A5B0c,2857.14,round 3 (5% TGE)
0xF3Bd24765e4f7Cfc9f48be702286392D19692d39,714.29,round 3 (5% TGE)
0xF450F6549d0721E2d0F57f0deF7D4E86a5955247,7142.86,round 3 (5% TGE)
0xF4af8BA77d451Bbbb51228Ff5570b90f653254d6,2142.86,round 3 (5% TGE)
0xf51BEF6d124FFad1aBE0c22bEd75BF1521D45659,2428.57,round 3 (5% TGE)
0xf56a5b3e0152Dd6Bb939ff4eAeA9Da1cdA116f34,714.29,round 3 (5% TGE)
0xF599E68A56B618494fF518fD87228C8a5a762F5f,1428.57,round 3 (5% TGE)
0xF6168297046Ca6fa514834c30168e63A47256AF4,6428.57,round 3 (5% TGE)
0xe04fc51029DC0f1eCde870d71DF7B6bBc14a3f0c,2671.43,round 3 (5% TGE)
0xf6d5af99EEc6a3aca3877497f5a1A27FE977aA0c,3571.43,round 3 (5% TGE)
0xf7044be7B9c3C70B189D1b0d112ee58A4E3f8Fe9,8571.43,round 3 (5% TGE)
0xF72473E8fd9C379D3C492a8c9FB530a449B0FBF3,714.29,round 3 (5% TGE)
0xF75b76FcAf2Df3f4c8890E362C0Aca8B56a9C97F,2857.14,round 3 (5% TGE)
0xF7a34f12248d82E1A0979535BD11708039810cC3,1428.57,round 3 (5% TGE)
0xfb1E10D7f99013C9d5402C29c9ed93308257BaF6,1000.00,round 3 (5% TGE)
0xfb200e116716e449458177fB2cB7b1a10F4a9615,4000.00,round 3 (5% TGE)
0xFc590E9FA2a09B5a922bFf06Ec25069dc003f225,2149.00,round 3 (5% TGE)
0xFEC6dBFc4A069AbCaB707ecb4370E068D424F20f,4285.71,round 3 (5% TGE)
0x58C865B6E07443C8B52B01601a331eC64F009CED,3571.43,round 3 (5% TGE)
0xEDea243054453ffF88F9E6cC62B5c4d5ad664597,14285.71,round 3 (5% TGE)
0xC3bA3fd07A2D7Ee26Ca3B37A0Db2c2bB02B76c32,1428.57,round 3 (5% TGE)
0xD13a8fc2642ae88f3bd23eee5434Ce858eC3910f,7600.00,round 3 (5% TGE)
0xd2b7ba6f2b3dbd6eb542be85ccde900f43d72679,1785.70,round 3 (5% TGE)
0x88e1e8560a73c2b22c095f48b0d70af53ed7a0b6,5952.40,round 3 (5% TGE)
0x43e3946b8ad45251232afa860de45f1044cba516,2381.00,round 3 (5% TGE)
0xe09567a431f8f23f99dc0215b985fc322669cdc4,595.20,round 3 (5% TGE)
0x24bb4de554cc1a3fde5f10f1fcdaf4a66ecab35e,4761.90,round 3 (5% TGE)
0x7f13e53a4289e33637602aacccb0498509385e37,4166.70,round 3 (5% TGE)
0x2ec83e480a32e0f9aa02c7214476752337a9adc8,595.20,round 3 (5% TGE)
0x56605bb6825472a98693b7fcedc0720ea544fcfe,3571.40,round 3 (5% TGE)
0x932e675b9609bcf4e0d01a55ecf91e31f89a45d2,2381.00,round 3 (5% TGE)
0x940561569307ff3d5c232520696705f76d2bfc50,1190.50,round 3 (5% TGE)
0xf54a18c40e2bd8f78dfd7139b190da10b9019462,5952.40,round 3 (5% TGE)
0xc066c5df4ef8db9918ba143bca9fa0f2dd5dbc28,595.20,round 3 (5% TGE)
0xc563c3296328e51cc7aed38c77cfe6272b3b757f,1440.50,round 3 (5% TGE)
0x10aafd8224a942978daa85880ae40b250c33c1f5,1190.50,round 3 (5% TGE)
0x796b0389b596c35d40ec0bef393c46012bff180c,595.20,round 3 (5% TGE)
0x518ab5b82721f56992ec82b401d3901e2488d231,1190.50,round 3 (5% TGE)
0x161ef50221c572f80acfb7ef978781fb909888aa,2381.00,round 3 (5% TGE)
0xcdb5ff63d0c76827b0d4069073224a7a7af4aa28,2381.00,round 3 (5% TGE)
0x043613553091d4da554c5bd4c2049a77eb68cdf3,3571.40,round 3 (5% TGE)
0x3d499a7d3829f2cbd81cd3407b47470586cdd857,595.20,round 3 (5% TGE)
0x31783b81102815767b9043ebdd872a1c2a8b0365,595.20,round 3 (5% TGE)
0xfb6e01c206d87e9a804a0689410d0c640ddbcea2,595.20,round 3 (5% TGE)
0xff189410b8dd376b4ded5111209d31811bcc80f8,1190.50,round 3 (5% TGE)
0xfbb9b3a826e3acabd2c6800d22bc259124ae250a,631.00,round 3 (5% TGE)
0x62e949c4150b79d63263430b6c5298550e63a17e,1190.50,round 3 (5% TGE)
0xab31556e15383c2cdd64fec7d4f7ec4864dfb314,5952.40,round 3 (5% TGE)
0x01902c78abcf4de014a791099d66c72317144c30,1190.50,round 3 (5% TGE)
0x048054f6e13bb29c6453a12337999faaf8ebd72f,1726.20,round 3 (5% TGE)
0x7d41e5ce410175f0289a9238fdaa4611ea17bc1f,595.20,round 3 (5% TGE)
0xd94fd9c090a122539a8433e3b65913d79aae8259,4166.70,round 3 (5% TGE)
0x31ba7d91016db3c94af948059fd45837b43c9ac1,1190.50,round 3 (5% TGE)
0x47d98839aa8d45d806f87774cb567558c9108f30,595.20,round 3 (5% TGE)
0xe90098d3277ab33ebe6af3bcb24eb15fa62599fa,4166.70,round 3 (5% TGE)
0xd739a5cb151a5a8344c8930626c84143877e663a,8333.30,round 3 (5% TGE)
0x23df7d65617f4b40f4e12405466a5e1ffe6f38de,5952.40,round 3 (5% TGE)
0x237d40b294643a05e04897bfefde41340af96ac7,595.20,round 3 (5% TGE)
0x76d6f561f837e3d77be1d998ae2a08d232b7de10,595.20,round 3 (5% TGE)
0xaebd497a56d2d8f2ffe8955acdd606593c23b41c,1190.50,round 3 (5% TGE)
0x31eb29242d4055bd12ffdc31eeda1d1ce7b1d6f0,595.20,round 3 (5% TGE)
0x489079f585b5c435ff75dca0556e044629be90d2,607.10,round 3 (5% TGE)
0x7df1399c5826c4a354c7827aec79f9e2da712ff0,1785.70,round 3 (5% TGE)
0xf4191a70f778af88082125e3fe9bcfbfd8bae7b1,1488.10,round 3 (5% TGE)
0x99fdd2a67ba5ec9fb98f451f0e88d0fbec1ee121,2381.00,round 3 (5% TGE)
0x6f9cee855cb1f362f31256c65e1709222e0f2037,59523.80,round 3 (5% TGE)
0x41ee11650608c413775268e2e65efeb9b7ca8272,1190.50,round 3 (5% TGE)
0x7a658464d032634db81f21b3e02ec6217378e46e,2381.00,round 3 (5% TGE)
0x046a020ab8e7e0b33fba87f38bd3b91a5e0f43bc,595.20,round 3 (5% TGE)
0x57407252ed825250beed1e52db4dec9988ea7757,595.20,round 3 (5% TGE)
0x7d2fc6876ae5098d99600ca104b373029aaa1322,1190.50,round 3 (5% TGE)
0x7f8aa9154c7fbc73ad1c49221d1a2fa897ef9b01,1190.50,round 3 (5% TGE)
0xb1716168bcc5014aab1d6f6cb84df3c12155515d,1190.50,round 3 (5% TGE)
0x147f06a1786c204789d46cfd4dc304d19d900aa0,595.20,round 3 (5% TGE)
0x0087500a23e9c1d882dd888244840c50756e2447,3345.20,round 3 (5% TGE)
0xbeb5a174fdc87f1626c1a38e9ca3ed16b3f700ef,1190.50,round 3 (5% TGE)
0x99d4065fc6d4986a67ce473997935eb48aa435f9,2023.80,round 3 (5% TGE)
0x453f593f5f829a9b9d2d21964be306cddbfdd0d1,1071.40,round 3 (5% TGE)
0x4b0ecfced4c1cef4fca17656d7ca208d877cd74b,595.20,round 3 (5% TGE)
0x8e5c107fb673d71b4f596e5e2c57bce11a1409c5,2547.60,round 3 (5% TGE)
0x2a116f8ecb09a98b662bd88060e1807b5c929d78,833.30,round 3 (5% TGE)
0xc87525721c90ba74cbc4ea8b53a69f0d648bffbf,595.20,round 3 (5% TGE)
0x4d28d02f4221cb5c6461f3f74b4b1bf3e1401c44,1190.50,round 3 (5% TGE)
0xbb74d3c320cb36a347dfad60a84abdaee614b8ae,595.20,round 3 (5% TGE)
0x4be1e47edb3034fc682e45e7cf9e2439fb3db623,1190.50,round 3 (5% TGE)
0x442cb4777201e329700d0bc5054ab92cf0a891a6,14285.70,round 3 (5% TGE)
0x14e22db6927d851cc7e198f4c1498687834ac570,2976.20,round 3 (5% TGE)
0x8cb2ccac31986b2bd3f41523acc883419480bb52,3571.40,round 3 (5% TGE)
0xa6490b88ca76aaf99f5628d1d9b48c09f9a3f3be,595.20,round 3 (5% TGE)
0xd8844b1661e8d7f22eb34feaee49b888be3f7f9b,1190.50,round 3 (5% TGE)
0x498b9732edda80f1cfe698a4a9227c5d24c69cb8,3059.50,round 3 (5% TGE)
0x08d079d1dbbe21d2549c74610adc88aa4f25589a,1785.70,round 3 (5% TGE)
0x559ca1ad0a617b07d16d0043a187ab53e2fb02e1,4857.10,round 3 (5% TGE)
0x01e38c89120855bf617199212876f7ba40595ba0,1190.50,round 3 (5% TGE)
0x27fa1bbd2315571ae1a90a9123cd62f03ba8efd2,595.20,round 3 (5% TGE)
0x98462fe3cf4706eacfe60374b269ae131f5157d5,2976.20,round 3 (5% TGE)
0xefeb9f8195f0b97d9d9d27ac8e5f01c51f3f7581,678.60,round 3 (5% TGE)
0xe5f02a62bb59255d31b93f750ce372cdc26afd3e,595.20,round 3 (5% TGE)
0x2dc03fe79f30c9633b9185ed723de1b02b5d72d2,595.20,round 3 (5% TGE)
0x8d67e093e2f6434695a6825f3013e8a79105a8af,1190.50,round 3 (5% TGE)
0x541ceeded157f6590befa1b6a34ab87beda66aa7,595.20,round 3 (5% TGE)
0xe481afeb888e7f9666ec8ddd8c9c69b478c7baa7,1190.50,round 3 (5% TGE)
0x27231c1ca0f8fc328796e5d40f04d78ac0e9a102,1190.50,round 3 (5% TGE)
0xf6117a895dbb51efc05d6fc0b83ee888ed5241b5,595.20,round 3 (5% TGE)
0xcee808c4be9101927745cce1e56d2e20de398002,2381.00,round 3 (5% TGE)
0xc9ee309b4739823e511dab7d5e2702a9b6084bf5,2976.20,round 3 (5% TGE)
0x8218e89e2362a152dedfadb1521a789fb08929ee,2381.00,round 3 (5% TGE)
0xdcc81d27020ed7531951617b4eeb060694ea1601,595.20,round 3 (5% TGE)
0x3b2536bd72a2f890bfc9c73e7bc298b97d84630b,1190.50,round 3 (5% TGE)
0x9dee48007a90bf7e0a576d64bc2a5a6a0ba67695,595.20,round 3 (5% TGE)
0x77071ea02e9044adc4f9661989dd48637739d7e0,678.60,round 3 (5% TGE)
0xa9401fb091c1b633e24cbcb2aea9635ec579100f,1785.70,round 3 (5% TGE)
0x46ea31cbf8536bf3658a4eb42315558b3f8f8ebc,1785.70,round 3 (5% TGE)
0x373d789852ffe83518e61f8b079cb582d637dd9c,892.90,round 3 (5% TGE)
0x43a8aa4879347569a8dfea187e72a4ca5419c50a,619.00,round 3 (5% TGE)
0xa603c201ef16cd3f021c0bc82332229cbdab35c4,595.20,round 3 (5% TGE)
0x375e94715fc045dd7b45b9698a16a0390bbe87e1,595.20,round 3 (5% TGE)
0xdd1fcdd7232bd9547b02ada8de664896f20f8fe1,2976.20,round 3 (5% TGE)
0x89321250b8ff18a56ec8af78f74bb4989c0a2a40,1190.50,round 3 (5% TGE)
0x99f52d9710252ec7ddb5f62d02227e684516fec7,2011.90,round 3 (5% TGE)
0x59c9d049149d99dd524e068b6e457c9dd4228ac8,3571.40,round 3 (5% TGE)
0xe8ad3981395f103ac5e39364e84640ae8be7296e,7738.10,round 3 (5% TGE)
0x41071c3c8693620bf00b4ba3bc026db85bc6c3ee,952.40,round 3 (5% TGE)
0xf2650c2b30dc835da174021e178ab0239d188c00,2381.00,round 3 (5% TGE)
0x1bd2b329bbcfae8edd30ecf6778408d6519a6acc,595.20,round 3 (5% TGE)
0x91b689c57b4faa77d4cc14029fdca104a4579980,3023.80,round 3 (5% TGE)
0xfca462e3881e9b760b6f7305b479c07cbf632de2,595.20,round 3 (5% TGE)
0x0c0436a7074691236c5bcac75699b51233a25f1d,595.20,round 3 (5% TGE)
0x817e16b222e0b88bb1dc781445f1a0dba4696f9f,2381.00,round 3 (5% TGE)
0x99344530dc23a70a8a01f7c4996bc30f00fff716,595.20,round 3 (5% TGE)
0xa8a6c421ad90129af7e9f5a1ece8c2ba67986ec0,2381.00,round 3 (5% TGE)
0x4371ac006d19662c6b75c8deb90b6b5928d8cb67,1190.50,round 3 (5% TGE)
0xafef95b92b06f00597698b0b3700c4eba01ec19e,595.20,round 3 (5% TGE)
0x54b5e01428f24220a5a89de3c23bc4a8af6a47c3,1190.50,round 3 (5% TGE)
0x05f8a40ea67290a4cf91c812d9c9096f5f1e35b7,2678.60,round 3 (5% TGE)
0x37aff317c9ea1968545ea0257f5af7e9ff759c1b,1714.30,round 3 (5% TGE)
0x681d2ba3bb21c19421669c00e8cd7a046516aa97,607.10,round 3 (5% TGE)
0xa04c3fc3e34d673f4c690314255a7508fa6d88c0,595.20,round 3 (5% TGE)
0x940587ff17d765a5347f140cfd6c3811a1cb7613,595.20,round 3 (5% TGE)
0x3351e65b747e7afb7730614bdfa14f8f659acf2d,595.20,round 3 (5% TGE)
0xbec60b5fc5c97d03b3dff9af5df16b8ea517a444,2369.00,round 3 (5% TGE)
0x3aaabe9fb7790ab3a58b6ee0fc815a5eb2efe5b3,2381.00,round 3 (5% TGE)
0x173654608c8f0d7eb0a2ea114c9178196fd3a2e8,631.00,round 3 (5% TGE)
0xa8af9a632e7888359d538be38867f0ad612fe5b2,595.20,round 3 (5% TGE)
0x1e5717e623ced26a5db5c556173f17e2106a66ce,2976.20,round 3 (5% TGE)
0x6c570028e490a840db1b714c00c2104e13d54904,1714.30,round 3 (5% TGE)
0x8aafacc262054510d558fbb122ee440fdfa5fbfd,2381.00,round 3 (5% TGE)
0xaf37028ae42d0da6048903d315f25df2a2481d93,595.20,round 3 (5% TGE)
0xf10cf7889b8d693e91137ba7d896ca35b259ccbd,1190.50,round 3 (5% TGE)
0x1a59496d027898a8f30c16a3164b7e5372afb810,595.20,round 3 (5% TGE)
0x25a8040ad3f4fb25ff07db9e9c13cb5fb49d55d3,2381.00,round 3 (5% TGE)
0x3ea5edce1a4b21bb6357a90f73bed7f35b6e583a,595.20,round 3 (5% TGE)
0xf7941f91e6f9e7427529c2dc358597a30d7a205f,595.20,round 3 (5% TGE)
0xf12b4302179dbb4774fe693abe7b4fbb039754aa,1190.50,round 3 (5% TGE)
0xfa99c9de389b41731c38a59c1c65b210b3ed988a,1119.00,round 3 (5% TGE)
0x8708cb657a3922cf2fd4cdfc441c192dd86b4a30,20833.30,round 3 (5% TGE)
0x955ee1687a425b7c2c8ad7a7a4f54ddc9f3d572b,11916.70,round 3 (5% TGE)
0x07013c070ca12855f52287b9f44c4db17b12a10e,654.80,round 3 (5% TGE)
0x90b37090e9e0a076e5cd8164466175818f1422ee,595.20,round 3 (5% TGE)
0x03f7924ca4aee66e0e8d808f58da51e4abafc8ba,595.20,round 3 (5% TGE)
0x58a680120ce9209b67ba6c7db74bd6f86e55df8c,595.20,round 3 (5% TGE)
0x73f782dd311222611340057657062a965e45f3f5,1190.50,round 3 (5% TGE)
0xd0c3b57d6e9c9031c9f12b1d5b5388a7a387510d,2381.00,round 3 (5% TGE)
0x8a40282f5920be5ba28495c2e29211022184a9cb,595.20,round 3 (5% TGE)
0x309f978587672484df6c6d4ff514ac7b4bf1be50,595.20,round 3 (5% TGE)
0xee56c2c1175848368385cc4ae72cd265eb46c5c8,595.20,round 3 (5% TGE)
0xb303f1b8755621b96dde0704c3ae554e9d56be50,642.90,round 3 (5% TGE)
0x10ff5bb176186d5121c092f468924b2145cf5bbb,1190.50,round 3 (5% TGE)
0x8462e77e0c0068d603ffebb7f21e579f0119f1fc,5952.40,round 3 (5% TGE)
0xce9f2cf68bd993dd25cdf8a46b4ce60ad211b000,1928.60,round 3 (5% TGE)
0xf6f8e286394b9841ed8bf0a2b0c6ace8f26d979f,595.20,round 3 (5% TGE)
0xf2b94490385e645776189a7bb26aac6ff3775074,595.20,round 3 (5% TGE)
0xd3d02db998833c5ae854a1a3c9942ef55e940381,797.60,round 3 (5% TGE)
0x22518d74f5ff866548fb04ebeff16303754f22d6,595.20,round 3 (5% TGE)
0xd84b3877b10b34bde32d349c2d0d6b23d15e33a7,595.20,round 3 (5% TGE)
0x5da68351bd082abda73e42ac981db51d9364fe69,2381.00,round 3 (5% TGE)
0x347c76b9f02995e2fb0607bed8aba651ff842040,595.20,round 3 (5% TGE)
0xe74eb3a51d396fdd4da09338672042080fdde3d3,714.30,round 3 (5% TGE)
0x87e102987968857cfd0fb3567d21b26d054973aa,595.20,round 3 (5% TGE)
0x9d922890c8b91decbeac8c7f2301bdb48288d99a,2369.00,round 3 (5% TGE)
0x702d2fd2bf222348675581079521d6b4503fe5f2,595.20,round 3 (5% TGE)
0xa0faa58e05f32d11637005f342b58f2f3e30ffb8,1190.50,round 3 (5% TGE)
0x520d8e2afdea4df20d22b491571fc542f70ac641,3571.40,round 3 (5% TGE)
0x513d3c79486cd63a10776604660a90f89c0554bf,11904.80,round 3 (5% TGE)
0x74aa233f1101022c50eba4f01bd0a8813bb04ca3,607.10,round 3 (5% TGE)
0x5f4fe992a847e6b3ca07ebb379ae02608d21bab3,595.20,round 3 (5% TGE)
0x2f5cd8a4b789adf4634eea816ccc4ad3b51a069c,1666.70,round 3 (5% TGE)
0x5b05df99fc93d76d31603427798c58fe15b62431,952.40,round 3 (5% TGE)
0x8b98e3486583dcedb289ef8c23542d8b48d5d75e,2976.20,round 3 (5% TGE)
0x703eb06bd18605a21a4385fa274400ab95dec266,631.00,round 3 (5% TGE)
0x502a41bf67db0c34c8fd72d6e3de9b0d981dbb6d,607.10,round 3 (5% TGE)
0x1a64b95c22ee9e64d9bf55eceed09cbf3445f754,595.20,round 3 (5% TGE)
0x5d2a3bebd98299cccdc174fb3814a5bfaef25a61,595.20,round 3 (5% TGE)
0xf18887f352c2d8be42480f652de3b105aa57d2f5,654.80,round 3 (5% TGE)
0x055affa6bdc01d0cfa8a738b068ece76e56dad51,2738.10,round 3 (5% TGE)
0xad3998b4c3a0e374f2be2636995b4c71bb364d98,595.20,round 3 (5% TGE)
0x1e84a37a47a465303800c25f03e49fbd52bde6cf,619.00,round 3 (5% TGE)
0x8D62c1F9a0B8ffCfb8927B5C6CbE3971a666CAE2,483814.29,round 3 (5% TGE)
0xC6FEE129A67e14A3455066C8Daebd0eb5A2dFEc9,17640.00,round 3 (5% TGE)
0x865d2dECE719EBa58De9B03BeA86492EA1ebBB85,15428.57,round 3 (5% TGE)
0x5D6E823c92F90C0A85006f35f0F9Ea097a5E25B0,12857.14,round 3 (5% TGE)
0xc96affCda7C7D6F8b1F61C499543D6C6a93f63bE,12857.14,round 3 (5% TGE)
0x7D1bF6B426bdED71353Ad8cDBb893a730BCe98E5,12857.14,round 3 (5% TGE)
0x6A3D5B32DA31e06000eE5cAE1e0020fa752AB178,12818.57,round 3 (5% TGE)
0x747b249b1F369DdEE94Ee3d3462681055a33c89a,11314.29,round 3 (5% TGE)
0x06f766d0A83101800d14Bf04eF0e96f0A49E7897,11250.00,round 3 (5% TGE)
0x67ACE5806C56FA6981e1169926b8fFd0E2a2098d,9203.18,round 3 (5% TGE)
0x17F021cB204f0053aE2ecff9A9805DEb86D81249,8000.00,round 3 (5% TGE)
0xFC96Adc026904b6f982150a6eA2E0Bd18e89B447,7531.36,round 3 (5% TGE)
0xABB203056284a20E0B886091A2A6D50EC26298D6,6750.00,round 3 (5% TGE)
0x00b4191907286Db3a254296fd25c06a81483f6B5,6428.57,round 3 (5% TGE)
0xacc59D5B9fd9B29aa1678d0c7Aa3d1271Ea9343a,5271.43,round 3 (5% TGE)
0x636fa6ebD900953E1e0841e275502f36dd8A2C49,5154.43,round 3 (5% TGE)
0x2190cf9ed6890B1128F01D1976A5B851ee010315,5142.86,round 3 (5% TGE)
0x53ab96558f7b9755b26dBd8A900E386158B8Aa12,4667.14,round 3 (5% TGE)
0x624Dc1109a99C547De86126f96711FE09BB2Aa7D,4564.29,round 3 (5% TGE)
0x7BC0D6E4f7F29AE44ED5Ecc95383eD58DAd51519,4263.43,round 3 (5% TGE)
0x95fE31703a15aeFe22B2D4638EC5Ec03D8e514AA,3950.77,round 3 (5% TGE)
0x0b4eCF28692614C10Deb7d8579F4878Be3Fd2DE9,3857.14,round 3 (5% TGE)
0xA7E04A53C89b3bc7eaDD5efc6375e94932411Df4,3857.14,round 3 (5% TGE)
0x76F59C2DdCa81dcF8952b9652D4c95F9D7c2Ce8A,2854.29,round 3 (5% TGE)
0x8EB4Ce020b96Acc44eB5e9fff07908bC06317249,2815.71,round 3 (5% TGE)
0xd1Ef979a40BC895670b60517438bd2494d3D1f40,2571.43,round 3 (5% TGE)
0x2243e25cccd9afCb034a75Ef11977dceB0635874,2571.43,round 3 (5% TGE)
0xACEa4b3F0F077F915539ecBA5e68a2B56EE3BF9A,2275.71,round 3 (5% TGE)
0x3c85b935b930984C9B4e35417F986168722D022b,2262.86,round 3 (5% TGE)
0x7C35a98500878b75764711d103CE7B931B69Dd57,1928.57,round 3 (5% TGE)
0x6959F3260bA05C2Da631442A52F449B26AaC20cb,1928.57,round 3 (5% TGE)
0x5996167b622cf9B8dB4B7F04682f7BDa8e42E695,1928.57,round 3 (5% TGE)
0xF3381Ee675e4B0eE5a74EcEA36B3ddE77bC23c47,1607.14,round 3 (5% TGE)
0xc6D84B7333CCf2Db3362F5ACd944DA2dCC304D06,1350.00,round 3 (5% TGE)
0x5811c56BfD2aA7b5206cB807f4Da88D70EbE552e,1285.71,round 3 (5% TGE)
0xBA18Fa04C84B00e744B9d45EF18211134A94bBe8,1285.71,round 3 (5% TGE)
0xed9f532226dFBAfe6fC2EFfA44f9F9D0209861cf,1285.71,round 3 (5% TGE)
0x2b5FCafdae973D9b256bD6E03AF60Bc4b000d548,1285.71,round 3 (5% TGE)
0x5778213B1A922fD1Abe87677b96c57F2866728A7,1285.71,round 3 (5% TGE)
0xf8f997120338F197dB3deF8bE41550A3ac2D2805,1285.71,round 3 (5% TGE)
0xe253a394b7241373992d633E51F40529A495Ff0f,1028.57,round 3 (5% TGE)
0x9bE0B85A37a69803a1d4b62d50Ff62614C2b3D7F,977.14,round 3 (5% TGE)
0x46871ea78eFA473Ef6c41B769Ec9BF7fbE997a35,964.29,round 3 (5% TGE)
0xeA48386b934E7B2DF36088Bf041B0b9A7191e76F,900.00,round 3 (5% TGE)
0xcC75F4aFeFb64fEc5AAECb86e571CaBc7F9fd745,835.71,round 3 (5% TGE)
0xF525dBbA0cd525170bfb703f705F7B6065C6b640,783.77,round 3 (5% TGE)
0x4af7dA6aD49A741e528467D2040161336008AadE,771.43,round 3 (5% TGE)
0x6aCa88e259c2044F9DCE05d8B6Df2613c86c1bFE,754.72,round 3 (5% TGE)
0x5A0e750798F8Fa29779049bbDbbbADEB1C81d2b9,654.92,round 3 (5% TGE)
0xcC51cbfB8ee6eB3d40DaD0b4C7c835e3Da3520D0,642.86,round 3 (5% TGE)
0xc163BAD89135E09F78d9e9a958bE7eDa15fa2127,642.86,round 3 (5% TGE)
0x05dF0662F2742A930Bc7Eb86A79B6ccDcD2C2193,642.86,round 3 (5% TGE)
0xee17D2F663D081f2621843D7b9F2b1Db04CaF0AE,642.86,round 3 (5% TGE)
0xd8152066feFF23DF60De6C7f9BaF78dCdD4f78aA,642.86,round 3 (5% TGE)
0x022A8487D5ED3B54Da988e6a9fB2D8f389e5f0BE,642.86,round 3 (5% TGE)
0x28c8eB0E3745b0FF902d57E66eE1760b3dD9b240,578.57,round 3 (5% TGE)
0xfe8EDC65366d33D609A440b20Bb57C9E1d613408,409.31,round 3 (5% TGE)
0x133937476926A1A9b93e7AD71a4af2F60df31c0F,321.43,round 3 (5% TGE)
0x81deC80772A9361Bb7BD806650E008931179fC11,154.29,round 3 (5% TGE)
0xeD5AA66cb0F9281F245BbBd965A2f99920f239C6,7500.00,round 3 (5% TGE)
0x3FB3e4357DB0c72158B7776784a2813577cA3793,56785.00,round 3 (5% TGE)
