0x9EDf96DAB39b3e5080C981a62479Cef281896B3A,500
0x47a80c1F32090fEDafdDfDbAA6B3f6fC72A6a2E4,500
0x544CdF5Db644Bfae4a2E7C5D4EA714DcE8EEd869,500
0x4412a18F30fe56E02b54b2Fa53B7Adc26eDc3FfB,500
0xfb05B20F2ef2b189f5460fb2bd86eF840E4bEC47,500
0xC796db5b077FC78eE0640e8A92500c412e473bEf,500
0x5359525B2133feEe0b43D06866eeFBf8b8c79F77,500
0xF2a228B397A0D08966B0111Df9521a189C139E44,500
0x2cDb93cA5DF9F750Be84C8A255516ae0AcaBc184,500
0xD4e728146fD3E28c15CC2bA3D29874b13DBd0452,500
0x4E3601213195cf8d451CE5B2B10dC00AbEbcEd57,500
0xF538365340cE303DF03777BCa0Cc5ED5aCBB4257,500
0x3777cE7Eb34BB0C720f3Bde4F151d4ae7e412E2F,500
0xF5794Ca8B24ECB4b89Ed6a7A73Dd43ab7528e748,500
0x4B986F6480bb9f86301605Df695B8AB753208fB8,500
0x7f1f8f85e01691e543dd56b74470bf8655adef03,500
0x7b2Ab2C55403C502290a7FeCcdd4b8967976C208,500
0x5C82A10f55BC01065fCC5c5d840D6C31797696cD,500
0x14A5D5B8043B2951bd8D9e6e90f06832E385258b,500
0xAa0848D0a40cB394C8b76f99C251b630700bacDC,500
0x306d486c248BAf80A73F57394Cc175917132F149,500
0xB2664D561F2C2e299A74E25923Ef78e7654C1CDD,500
0x32a93617Bb2F025cFe47a13CDEaFaD798f467C57,500
0xB887a8Cf5AD4C9D4a50871C0449713A7483377C4,500
0x13E11dC2f79f39D04862eBa084D0a81e33516742,500
0x47a1d54F8B254aa708fD3FFC756A4c3131aF6BF1,500
0xdFd574BDcae6279C461274B32364836ADFF36e02,500
0x23E20cd40D19A8Ff79859268b11Cd2f619c361B0,500
0xf7438e5C945812d2635dDfBbD447AC92eE6877f4,500
0xE6A3D03DE086a9e8dc070949F08E9dB66c9f01be,500
0xE0bb7D9da58FbF50d001253c903E0B7DBA74EbfD,500
0xc1bf89562F32e1bFaA510D245Eb746Ea336dd1f2,500
0x8d6E23C7d9392DfFc928e452e994113D75419d57,500
0xE91C5fEBE26A3dD39b115CEEf6de2D59319DdD31,500
0x118c2dC403C0Bd78Da60A6004DA87E02b62d5806,500
0x9e943736F48E205a26e7fa09f0D55afC03A66496,500
0xF8a7f72a7496a4a984A2215c9BB6C926E5495A75,500
0x01880349dd45aac252d15105FE71147348020554,500
0x0fc171B1c4BCEF8d8163E28868443305E3989098,500
0xCE1BEFBDa601b5bee3A6071B2B136C0CF23CaC46,500
0x736d137372086b7EAD3BfEb27e1601F179A2bA26,500
0xF4BADD58438f4C12A2E8D08853757110db854E3b,500
0x737C2A627e81bdD8A9a7Bee823Ed6FC9BE6524A4,500
0xE4d95DEAEa1d3A50dEFF1C886123FF48eF472111,500
0x22c4c5812E27364888B31B1bb8EC893791E824bc,500
0x066282B5A5dae110B8Ef654236E8aaaFfcb196d1,500
0xe70Ea50017dC7396DFCA44B8d3732b52909Ddcd7,500
0x6Bf09dA90463fEd1014303DA617961c9AD740725,500
0x812E24a33611f46f426E14d8CdDEB747F0c45e48,500
0xf4011E79132E1F74b21285590CA3420f38B6e13a,500
0x886481594Ba5771BD1597f17E830787A47a6d00C,500
0xB470B8Eb6878CF601B1DA1E9BEF70e0628CCbeF6,500
0x818c19fc5ef9751c9027d8a8069ed3462f868376,500
0xbc3d57D047B602c4b15582359A7068CbD0B38e4a,500
0x098e45A06D1cD1308a52E05DAbE4100c08987203,500
0xb6Bac80ed2D33ec660AcbDb42336215e9F31703f,500
0xAaaD5b232000247D01e0F7B1b2D2BE422f693017,500
0x6de5AE651aE3A9Ad414C0e0Db96214aA18A0833E,500
0x5b35bd4c777C1E594Ac5d29aDb9E0488Bd24b3Fc,500
0x0c968A50f9F9b85450e4A1408945B056564E9756,500
0xfA08b8903c98Bb24762442C2E7bD9bFAa39c5826,500
0x853e6d45e5c86a34fC90272EA5c5077C05E29ee0,500
0x02A01Ce308290FB26F5699aD257B604Cd2411102,500
0xc8a8c916df5a814e49d00add67136058f398495a,500
0x71F7D877312DF4c529dbDAB6f67FC8e32B574298,500
0xdd30dB0DC423611e9753488F9524BDCCAF5D84c2,500
0x421cEb9852c1b4a3f1147dB6eb9557c09eE65b32,500
0x0A94451512538B94144475b8A5E3Fac579B600f5,500
0xdd971Bb9d617232bb40C133c2B4ee27759871876,500
0x97C941219b94dC032e47AC78426A994534414029,500
0xA9F65a8a1829F68607e4223F349545861216543c,500
0x11C4a6639c54ff84316b1F99909D078b392b44b4,500
0x6F863e01EbFB65a89ad90e132b1A3E3b65Cf4229,500
0x8c093F02901e0fF9821F3badB5A7650a81d65756,500
0x9fD5a15cbe9C773dfaAadCd31ab35882F1d75f8E,500
0x4e7E0Bc8f2ACF305a5b8526E43f39a31aAd2c915,500
0x40afeA93ED55D61E97e90d6E5d3BFEe90537F0aD,500
0x54474E5a8BE4e5b97e3066a946F6a862F340b45B,500
0xf397B492D43b6C66c70185D47377aeCBF293585C,500
0x4c51C9551874C795F79A21e736d35cDBCB0D735e,500
0xbAb5429b13ea46F474307679F28De565F986F3FE,500
0x54E5871417C25aadF60C9865152AD7b47bC479a3,500
0x47bA1dDc9556BF02ab7ED377663A33f3EAe7406A,500
0xD4870187755fc6556060AdF47D9B35aDB1c14CC1,500
0xF8684D02D4de8B9471D8300e97de4764451C4175,500
0x5fd6c9D40a058E4ED665fCb8b83E5Ea717C0e60B,500
0xd9f78b8b1380a981cb2cd0d62f4d5a24b4f14bc6,500
0x00008b4639FB2253d8841665810751E89Ea172bA,500
0xB9492D223727A144609a3d1Ef675b96108051B27,500
0x4E56d8851455AFC3be103E3E34133CF34ffC5fF6,500
0x183A27Efd81ebead9e30bd087F2bA5125461e533,500
0xDBC1CEC881d0E082D9A32D0703c0FD0E3c0ed0C4,500
0x1B96e4a826fcD79ef12881867662114C3a853cCD,500
0xbDdf34B3ff7eD7FCEE474EFf88F05aaF36f174FF,500
0x28e1bf998b41F097CE60a8b15Ea5dA19cd351486,500
0x36b7fC361d256E83e958008976Fb0D121ee0F530,500
0x2302f904bc1c9a7BE52e12057FE8bb00d48ab703,500
0x22354b2417bCE0CC23dd20d4C2F3f2F262D01f11,500
0x8d7a93C85E7A13759e36BD4b6cA484a5fbE1899F,500
0x7AB488c3AF5417B680a6E312FaacB66FeCF8d2E6,500