0x427B966bADcE9828d662e9cD5207d5BCd8E28e23,200
0xB6051837E8d0B755473B8378Cea0E39F65339143,200
0x9c31b73400D6f3FE429a97Cd15E37fBD96C2DCF3,200
0x8f8D28918f61317de14C93DC9BaE8DfED4e2F11D,200
0x6d9Fa2a6BDe9Fa3937f62fA207b1b68131278AE4,200
0x7e42D8AC4C0C40A039F9ED98B0d882fD5FA31C25,200
0xF4af90d090cf409809a1Ca867d6ea6EBC40baCAc,200
0x7EC089FA35BF500C69769Fe438817a87c6c7a525,200
0xEF3d68F353bd8792a0CEfd823AfEca4814A8b83a,200
0xe3bE60E286AFc3E9655939d2C37a2F377Db89DA5,200
0xBf884ea21622EEdD477dB448F5DBCde8725101e4,200
0x48f6d5665058275cbdc532a424f4b2d26a8fc49f,200
0x2F4c610F98471b2aeBfa320b199A5D8B1A8b35BC,200
0xf1314D7EBE61974cb2C53784E227d26BE0FDC181,200
0xdB8FA66b69eF4720A01dBbE76942B6E6CE288C25,200
0x521c54d6a179cfcdf7ba17463a30f979b1cb2979,200
0x28e9C162D238C22aFe4DA7f026Ee118544DC6caD,200
0x989AE94b59B376e94D11a06bEcfBDAC79B9cB892,200
0xb14a3282b626bf27bd82346d6b05d0daf3b16839,200
0x085445572Ca5f9d68455F7e2e5097BF3C41703D2,200
0xf815Dab05d05dB1DC5359159b25F77b0b69Fc77c,200
0x427B966bADcE9828d662e9cD5207d5BCd8E28e23,200
0xa3d3dc0d5ea08d3b04f8cc3509fa9bbcc59fb422,200
0x44a1E0E29a4D84036F79b1e717Cf60Aa25520787,200
0xce9F89B58b7f8e33bFae79612238413A7D609347,200
0xEa8a3d1C7cCc24d6760b6672A03F788a7B0d016a,200
0xb9af6ed07eaac020cbb764c605c7934e146ded52,200
0x87611036F7a1215d9755aB60769c0eD773bAB5f0,200
0x098e45A06D1cD1308a52E05DAbE4100c08987203,200
0x9152E01911f92fc8216E467E1599697adB531A73,200
0x8045f1eDE74d4102d29FCE623F124004A895450e,200
0x299902a3f9e49a48b6a4df3880ce66b2e6475798,200
0xff8876870B8620F400Ca605b2a957C2634939DD8,200
0x51f49492BA024c45Db7d71Dd9EF54fA40b044645,200
0x50A1E8401d28919109985379681e93e298Ac6ad0,200
0x18D176FBe930a6467D90b98916c79Efdc598E7e2,200
0xb4645ff94a701075bb91050f4f3da966cd05a271,200
0x0d2c074eeE0C86f02B27Bcfc5b2F46373Ec816C2,200
0x1EcC637f05CfF1921227F5a8a37c6936a02e3D39,200
0x20E36A8d2963608c3eb4056F92bd4b896E11f8AA,200
0x816a68A34edB408fb9d3C33f6339243a44f70235,200
0xCf497a31F2B8D7c52e491cef7Ee33C0c61C48Db4,200
0xC5f73cf2a29703A2c25BdcD411719120CE9A8f5A,200
0x9cd2689d57a553eb742e672b92e70df606dcbd87,200
0xb5ea05a1055e8ad51347e3749e38d124847aa24b,200
0x57dCED715434cc03feCd3bbeBc905c4d3fF40b3E,200
0x7077f543742A8A78f12C7E759Ace3e87033CEE43,200
0xF2C64976eae3CB1b07152B76DC8FeF7cfa431396,200
0x9C7Ee31A527926E42F5A196E82f86C57Faba031A,200
0x068874f04E29dd3370EF43d97DadB2972bb5C736,200
